id	item_group_id	title	description	link	image_link	additional_image_link	availability	price	sale_price	brand	gtin	mpn	identifier_exists	condition	product_type	google_product_category	color	size	material	age_group	shipping	shipping_weight	product_length	product_width	product_height	product_detail	custom_label_0
87	86	Thread — Minimalist Line Art Print - 20″ x 30″, Matte	Thread at 20 in x 30 in on museum-grade matte paper. Unframed; fits a standard 20 x 30 frame. Thread — minimalist line art print by Lineal Prints. One continuous black line, wound slowly toward its own centre. A single unbroken line starts at the outer edge and spirals inward, the gaps tightening evenly until it ends at a small hook in the centre. Thread is the most popular piece in Series 01: simple enough to disappear into a room, precise enough to reward a second look. It is drawn as one line, and printed at high resolution so the line stays crisp even at 24×36 inches. Where it lives: nurseries, bedrooms and meditation spaces. Pair with a thin black or natural-oak frame and a white mat. Details Paper: museum-grade matte fine-art paper, 175 gsm, slightly textured, glare-free Ink: archival pigment inks rated for decades without fading Sizes: 12×18, 16×24, 20×30 and 24×36 inches — standard frame sizes, no custom framing needed Finish: unframed, shipped flat or in a rigid tube depending on size, with a 1/4 inch white border for easy matting Made: printed to order in the USA, ships tracked in 3–5 business days after production Returns: damaged in transit? Send a photo within 14 days and we reprint it free Part of Series 01 , eight original line compositions designed in-house by Lineal Prints. Each piece is drawn as a single idea: one gesture, one balance point, nothing decorative added.	https://linealprints.com/product/thread-minimalist-line-art-print/?variant=87	https://linealprints.com/wp-content/uploads/2026/09/1922893141921932037_2048.jpeg	https://linealprints.com/wp-content/uploads/2026/09/4548575995230122155_2048.jpeg,https://linealprints.com/wp-content/uploads/2026/09/2713353941438490275_2048.jpeg,https://linealprints.com/wp-content/uploads/2026/09/10109952277758794381_2048.jpeg,https://linealprints.com/wp-content/uploads/2026/09/3532724527663380414_2048.jpeg,https://linealprints.com/wp-content/uploads/2026/09/15765874862924984550_2048.jpeg,https://linealprints.com/wp-content/uploads/2026/09/5863861675931913656_2048.jpeg,https://linealprints.com/wp-content/uploads/2026/09/10882564609232431427_2048.jpeg,https://linealprints.com/wp-content/uploads/2026/09/9836327261373787990_2048.jpeg,https://linealprints.com/wp-content/uploads/2026/09/4585498703862818991_2048.jpeg,https://linealprints.com/wp-content/uploads/2026/09/4078244996345307742_2048.jpeg	in stock	49.00 USD		Lineal Prints		98717018618705327074	yes	new	Home & Garden > Decor > Artwork > Posters, Prints, & Visual Artwork	Home & Garden > Decor > Artwork > Posters, Prints, & Visual Artwork	Black on off-white	20″ x 30″	Museum-grade matte paper, 175 gsm	adult	US::Standard:6.90 USD	0.48 lb	30 in	20 in	0.02 in	Series:Series 01	Lineal Prints
88	86	Thread — Minimalist Line Art Print - 12″ x 18″, Matte	Thread at 12 in x 18 in on museum-grade matte paper. Unframed; fits a standard 12 x 18 frame. Thread — minimalist line art print by Lineal Prints. One continuous black line, wound slowly toward its own centre. A single unbroken line starts at the outer edge and spirals inward, the gaps tightening evenly until it ends at a small hook in the centre. Thread is the most popular piece in Series 01: simple enough to disappear into a room, precise enough to reward a second look. It is drawn as one line, and printed at high resolution so the line stays crisp even at 24×36 inches. Where it lives: nurseries, bedrooms and meditation spaces. Pair with a thin black or natural-oak frame and a white mat. Details Paper: museum-grade matte fine-art paper, 175 gsm, slightly textured, glare-free Ink: archival pigment inks rated for decades without fading Sizes: 12×18, 16×24, 20×30 and 24×36 inches — standard frame sizes, no custom framing needed Finish: unframed, shipped flat or in a rigid tube depending on size, with a 1/4 inch white border for easy matting Made: printed to order in the USA, ships tracked in 3–5 business days after production Returns: damaged in transit? Send a photo within 14 days and we reprint it free Part of Series 01 , eight original line compositions designed in-house by Lineal Prints. Each piece is drawn as a single idea: one gesture, one balance point, nothing decorative added.	https://linealprints.com/product/thread-minimalist-line-art-print/?variant=88	https://linealprints.com/wp-content/uploads/2026/09/3532724527663380414_2048.jpeg	https://linealprints.com/wp-content/uploads/2026/09/1922893141921932037_2048.jpeg,https://linealprints.com/wp-content/uploads/2026/09/4548575995230122155_2048.jpeg,https://linealprints.com/wp-content/uploads/2026/09/2713353941438490275_2048.jpeg,https://linealprints.com/wp-content/uploads/2026/09/10109952277758794381_2048.jpeg,https://linealprints.com/wp-content/uploads/2026/09/15765874862924984550_2048.jpeg,https://linealprints.com/wp-content/uploads/2026/09/5863861675931913656_2048.jpeg,https://linealprints.com/wp-content/uploads/2026/09/10882564609232431427_2048.jpeg,https://linealprints.com/wp-content/uploads/2026/09/9836327261373787990_2048.jpeg,https://linealprints.com/wp-content/uploads/2026/09/4585498703862818991_2048.jpeg,https://linealprints.com/wp-content/uploads/2026/09/4078244996345307742_2048.jpeg	in stock	29.00 USD		Lineal Prints		10131095161184038857	yes	new	Home & Garden > Decor > Artwork > Posters, Prints, & Visual Artwork	Home & Garden > Decor > Artwork > Posters, Prints, & Visual Artwork	Black on off-white	12″ x 18″	Museum-grade matte paper, 175 gsm	adult	US::Standard:6.90 USD	0.26 lb	18 in	12 in	0.02 in	Series:Series 01	Lineal Prints
89	86	Thread — Minimalist Line Art Print - 24″ x 36″, Matte	Thread at 24 in x 36 in on museum-grade matte paper. Unframed; fits a standard 24 x 36 frame. Thread — minimalist line art print by Lineal Prints. One continuous black line, wound slowly toward its own centre. A single unbroken line starts at the outer edge and spirals inward, the gaps tightening evenly until it ends at a small hook in the centre. Thread is the most popular piece in Series 01: simple enough to disappear into a room, precise enough to reward a second look. It is drawn as one line, and printed at high resolution so the line stays crisp even at 24×36 inches. Where it lives: nurseries, bedrooms and meditation spaces. Pair with a thin black or natural-oak frame and a white mat. Details Paper: museum-grade matte fine-art paper, 175 gsm, slightly textured, glare-free Ink: archival pigment inks rated for decades without fading Sizes: 12×18, 16×24, 20×30 and 24×36 inches — standard frame sizes, no custom framing needed Finish: unframed, shipped flat or in a rigid tube depending on size, with a 1/4 inch white border for easy matting Made: printed to order in the USA, ships tracked in 3–5 business days after production Returns: damaged in transit? Send a photo within 14 days and we reprint it free Part of Series 01 , eight original line compositions designed in-house by Lineal Prints. Each piece is drawn as a single idea: one gesture, one balance point, nothing decorative added.	https://linealprints.com/product/thread-minimalist-line-art-print/?variant=89	https://linealprints.com/wp-content/uploads/2026/09/9836327261373787990_2048.jpeg	https://linealprints.com/wp-content/uploads/2026/09/1922893141921932037_2048.jpeg,https://linealprints.com/wp-content/uploads/2026/09/4548575995230122155_2048.jpeg,https://linealprints.com/wp-content/uploads/2026/09/2713353941438490275_2048.jpeg,https://linealprints.com/wp-content/uploads/2026/09/10109952277758794381_2048.jpeg,https://linealprints.com/wp-content/uploads/2026/09/3532724527663380414_2048.jpeg,https://linealprints.com/wp-content/uploads/2026/09/15765874862924984550_2048.jpeg,https://linealprints.com/wp-content/uploads/2026/09/5863861675931913656_2048.jpeg,https://linealprints.com/wp-content/uploads/2026/09/10882564609232431427_2048.jpeg,https://linealprints.com/wp-content/uploads/2026/09/4585498703862818991_2048.jpeg,https://linealprints.com/wp-content/uploads/2026/09/4078244996345307742_2048.jpeg	in stock	59.00 USD		Lineal Prints		21487106168293951472	yes	new	Home & Garden > Decor > Artwork > Posters, Prints, & Visual Artwork	Home & Garden > Decor > Artwork > Posters, Prints, & Visual Artwork	Black on off-white	24″ x 36″	Museum-grade matte paper, 175 gsm	adult	US::Standard:6.90 USD	0.604 lb	36 in	24 in	0.02 in	Series:Series 01	Lineal Prints
90	86	Thread — Minimalist Line Art Print - 16″ x 24″, Matte	Thread at 16 in x 24 in on museum-grade matte paper. Unframed; fits a standard 16 x 24 frame. Thread — minimalist line art print by Lineal Prints. One continuous black line, wound slowly toward its own centre. A single unbroken line starts at the outer edge and spirals inward, the gaps tightening evenly until it ends at a small hook in the centre. Thread is the most popular piece in Series 01: simple enough to disappear into a room, precise enough to reward a second look. It is drawn as one line, and printed at high resolution so the line stays crisp even at 24×36 inches. Where it lives: nurseries, bedrooms and meditation spaces. Pair with a thin black or natural-oak frame and a white mat. Details Paper: museum-grade matte fine-art paper, 175 gsm, slightly textured, glare-free Ink: archival pigment inks rated for decades without fading Sizes: 12×18, 16×24, 20×30 and 24×36 inches — standard frame sizes, no custom framing needed Finish: unframed, shipped flat or in a rigid tube depending on size, with a 1/4 inch white border for easy matting Made: printed to order in the USA, ships tracked in 3–5 business days after production Returns: damaged in transit? Send a photo within 14 days and we reprint it free Part of Series 01 , eight original line compositions designed in-house by Lineal Prints. Each piece is drawn as a single idea: one gesture, one balance point, nothing decorative added.	https://linealprints.com/product/thread-minimalist-line-art-print/?variant=90	https://linealprints.com/wp-content/uploads/2026/09/5176717895531580514_2048.jpeg	https://linealprints.com/wp-content/uploads/2026/09/1922893141921932037_2048.jpeg,https://linealprints.com/wp-content/uploads/2026/09/4548575995230122155_2048.jpeg,https://linealprints.com/wp-content/uploads/2026/09/2713353941438490275_2048.jpeg,https://linealprints.com/wp-content/uploads/2026/09/10109952277758794381_2048.jpeg,https://linealprints.com/wp-content/uploads/2026/09/3532724527663380414_2048.jpeg,https://linealprints.com/wp-content/uploads/2026/09/15765874862924984550_2048.jpeg,https://linealprints.com/wp-content/uploads/2026/09/5863861675931913656_2048.jpeg,https://linealprints.com/wp-content/uploads/2026/09/10882564609232431427_2048.jpeg,https://linealprints.com/wp-content/uploads/2026/09/9836327261373787990_2048.jpeg,https://linealprints.com/wp-content/uploads/2026/09/4585498703862818991_2048.jpeg	in stock	39.00 USD		Lineal Prints		43222297760819799909	yes	new	Home & Garden > Decor > Artwork > Posters, Prints, & Visual Artwork	Home & Garden > Decor > Artwork > Posters, Prints, & Visual Artwork	Black on off-white	16″ x 24″	Museum-grade matte paper, 175 gsm	adult	US::Standard:6.90 USD	0.365 lb	24 in	16 in	0.02 in	Series:Series 01	Lineal Prints
76	74	Field — Minimalist Line Art Print - 20″ x 30″, Matte	Field at 20 in x 30 in on museum-grade matte paper. Unframed; fits a standard 20 x 30 frame. Field — minimalist line art print by Lineal Prints. A grid of small black marks, interrupted by a perfect silence. Hundreds of short dashes fill the page in an even grid. Near the upper right, a rounded region of them is missing, leaving a quiet shape made of nothing. Field is the piece that visitors stand closest to; the pattern is precise enough to be restful and the gap gives the eye somewhere to go. It prints beautifully at every size, and the texture of the matte paper makes the marks look drawn rather than printed. Where it lives: offices, meeting rooms and studios. Pair with a thin black or natural-oak frame and a white mat. Details Paper: museum-grade matte fine-art paper, 175 gsm, slightly textured, glare-free Ink: archival pigment inks rated for decades without fading Sizes: 12×18, 16×24, 20×30 and 24×36 inches — standard frame sizes, no custom framing needed Finish: unframed, shipped flat or in a rigid tube depending on size, with a 1/4 inch white border for easy matting Made: printed to order in the USA, ships tracked in 3–5 business days after production Returns: damaged in transit? Send a photo within 14 days and we reprint it free Part of Series 01 , eight original line compositions designed in-house by Lineal Prints. Each piece is drawn as a single idea: one gesture, one balance point, nothing decorative added.	https://linealprints.com/product/field-minimalist-line-art-print/?variant=76	https://linealprints.com/wp-content/uploads/2026/09/17824662820361544094_2048.jpeg	https://linealprints.com/wp-content/uploads/2026/09/9891569002673298313_2048.jpeg,https://linealprints.com/wp-content/uploads/2026/09/4058625933663755462_2048.jpeg,https://linealprints.com/wp-content/uploads/2026/09/14951925933635252503_2048.jpeg,https://linealprints.com/wp-content/uploads/2026/09/4036255358549092278_2048.jpeg,https://linealprints.com/wp-content/uploads/2026/09/13298027214445912588_2048.jpeg,https://linealprints.com/wp-content/uploads/2026/09/7150158966122177210_2048.jpeg,https://linealprints.com/wp-content/uploads/2026/09/5469286734592637525_2048.jpeg,https://linealprints.com/wp-content/uploads/2026/09/14854840261985569041_2048.jpeg,https://linealprints.com/wp-content/uploads/2026/09/960267944521365973_2048.jpeg,https://linealprints.com/wp-content/uploads/2026/09/12286643963593630356_2048.jpeg	in stock	49.00 USD		Lineal Prints		10910788781368414898	yes	new	Home & Garden > Decor > Artwork > Posters, Prints, & Visual Artwork	Home & Garden > Decor > Artwork > Posters, Prints, & Visual Artwork	Black on off-white	20″ x 30″	Museum-grade matte paper, 175 gsm	adult	US::Standard:6.90 USD	0.48 lb	30 in	20 in	0.02 in	Series:Series 01	Lineal Prints
77	74	Field — Minimalist Line Art Print - 12″ x 18″, Matte	Field at 12 in x 18 in on museum-grade matte paper. Unframed; fits a standard 12 x 18 frame. Field — minimalist line art print by Lineal Prints. A grid of small black marks, interrupted by a perfect silence. Hundreds of short dashes fill the page in an even grid. Near the upper right, a rounded region of them is missing, leaving a quiet shape made of nothing. Field is the piece that visitors stand closest to; the pattern is precise enough to be restful and the gap gives the eye somewhere to go. It prints beautifully at every size, and the texture of the matte paper makes the marks look drawn rather than printed. Where it lives: offices, meeting rooms and studios. Pair with a thin black or natural-oak frame and a white mat. Details Paper: museum-grade matte fine-art paper, 175 gsm, slightly textured, glare-free Ink: archival pigment inks rated for decades without fading Sizes: 12×18, 16×24, 20×30 and 24×36 inches — standard frame sizes, no custom framing needed Finish: unframed, shipped flat or in a rigid tube depending on size, with a 1/4 inch white border for easy matting Made: printed to order in the USA, ships tracked in 3–5 business days after production Returns: damaged in transit? Send a photo within 14 days and we reprint it free Part of Series 01 , eight original line compositions designed in-house by Lineal Prints. Each piece is drawn as a single idea: one gesture, one balance point, nothing decorative added.	https://linealprints.com/product/field-minimalist-line-art-print/?variant=77	https://linealprints.com/wp-content/uploads/2026/09/4036255358549092278_2048.jpeg	https://linealprints.com/wp-content/uploads/2026/09/17824662820361544094_2048.jpeg,https://linealprints.com/wp-content/uploads/2026/09/9891569002673298313_2048.jpeg,https://linealprints.com/wp-content/uploads/2026/09/4058625933663755462_2048.jpeg,https://linealprints.com/wp-content/uploads/2026/09/14951925933635252503_2048.jpeg,https://linealprints.com/wp-content/uploads/2026/09/13298027214445912588_2048.jpeg,https://linealprints.com/wp-content/uploads/2026/09/7150158966122177210_2048.jpeg,https://linealprints.com/wp-content/uploads/2026/09/5469286734592637525_2048.jpeg,https://linealprints.com/wp-content/uploads/2026/09/14854840261985569041_2048.jpeg,https://linealprints.com/wp-content/uploads/2026/09/960267944521365973_2048.jpeg,https://linealprints.com/wp-content/uploads/2026/09/12286643963593630356_2048.jpeg	in stock	29.00 USD		Lineal Prints		51346111771237304788	yes	new	Home & Garden > Decor > Artwork > Posters, Prints, & Visual Artwork	Home & Garden > Decor > Artwork > Posters, Prints, & Visual Artwork	Black on off-white	12″ x 18″	Museum-grade matte paper, 175 gsm	adult	US::Standard:6.90 USD	0.26 lb	18 in	12 in	0.02 in	Series:Series 01	Lineal Prints
78	74	Field — Minimalist Line Art Print - 24″ x 36″, Matte	Field at 24 in x 36 in on museum-grade matte paper. Unframed; fits a standard 24 x 36 frame. Field — minimalist line art print by Lineal Prints. A grid of small black marks, interrupted by a perfect silence. Hundreds of short dashes fill the page in an even grid. Near the upper right, a rounded region of them is missing, leaving a quiet shape made of nothing. Field is the piece that visitors stand closest to; the pattern is precise enough to be restful and the gap gives the eye somewhere to go. It prints beautifully at every size, and the texture of the matte paper makes the marks look drawn rather than printed. Where it lives: offices, meeting rooms and studios. Pair with a thin black or natural-oak frame and a white mat. Details Paper: museum-grade matte fine-art paper, 175 gsm, slightly textured, glare-free Ink: archival pigment inks rated for decades without fading Sizes: 12×18, 16×24, 20×30 and 24×36 inches — standard frame sizes, no custom framing needed Finish: unframed, shipped flat or in a rigid tube depending on size, with a 1/4 inch white border for easy matting Made: printed to order in the USA, ships tracked in 3–5 business days after production Returns: damaged in transit? Send a photo within 14 days and we reprint it free Part of Series 01 , eight original line compositions designed in-house by Lineal Prints. Each piece is drawn as a single idea: one gesture, one balance point, nothing decorative added.	https://linealprints.com/product/field-minimalist-line-art-print/?variant=78	https://linealprints.com/wp-content/uploads/2026/09/14854840261985569041_2048.jpeg	https://linealprints.com/wp-content/uploads/2026/09/17824662820361544094_2048.jpeg,https://linealprints.com/wp-content/uploads/2026/09/9891569002673298313_2048.jpeg,https://linealprints.com/wp-content/uploads/2026/09/4058625933663755462_2048.jpeg,https://linealprints.com/wp-content/uploads/2026/09/14951925933635252503_2048.jpeg,https://linealprints.com/wp-content/uploads/2026/09/4036255358549092278_2048.jpeg,https://linealprints.com/wp-content/uploads/2026/09/13298027214445912588_2048.jpeg,https://linealprints.com/wp-content/uploads/2026/09/7150158966122177210_2048.jpeg,https://linealprints.com/wp-content/uploads/2026/09/5469286734592637525_2048.jpeg,https://linealprints.com/wp-content/uploads/2026/09/960267944521365973_2048.jpeg,https://linealprints.com/wp-content/uploads/2026/09/12286643963593630356_2048.jpeg	in stock	59.00 USD		Lineal Prints		14968636634103866547	yes	new	Home & Garden > Decor > Artwork > Posters, Prints, & Visual Artwork	Home & Garden > Decor > Artwork > Posters, Prints, & Visual Artwork	Black on off-white	24″ x 36″	Museum-grade matte paper, 175 gsm	adult	US::Standard:6.90 USD	0.604 lb	36 in	24 in	0.02 in	Series:Series 01	Lineal Prints
79	74	Field — Minimalist Line Art Print - 16″ x 24″, Matte	Field at 16 in x 24 in on museum-grade matte paper. Unframed; fits a standard 16 x 24 frame. Field — minimalist line art print by Lineal Prints. A grid of small black marks, interrupted by a perfect silence. Hundreds of short dashes fill the page in an even grid. Near the upper right, a rounded region of them is missing, leaving a quiet shape made of nothing. Field is the piece that visitors stand closest to; the pattern is precise enough to be restful and the gap gives the eye somewhere to go. It prints beautifully at every size, and the texture of the matte paper makes the marks look drawn rather than printed. Where it lives: offices, meeting rooms and studios. Pair with a thin black or natural-oak frame and a white mat. Details Paper: museum-grade matte fine-art paper, 175 gsm, slightly textured, glare-free Ink: archival pigment inks rated for decades without fading Sizes: 12×18, 16×24, 20×30 and 24×36 inches — standard frame sizes, no custom framing needed Finish: unframed, shipped flat or in a rigid tube depending on size, with a 1/4 inch white border for easy matting Made: printed to order in the USA, ships tracked in 3–5 business days after production Returns: damaged in transit? Send a photo within 14 days and we reprint it free Part of Series 01 , eight original line compositions designed in-house by Lineal Prints. Each piece is drawn as a single idea: one gesture, one balance point, nothing decorative added.	https://linealprints.com/product/field-minimalist-line-art-print/?variant=79	https://linealprints.com/wp-content/uploads/2026/09/14170779832778071041_2048.jpeg	https://linealprints.com/wp-content/uploads/2026/09/17824662820361544094_2048.jpeg,https://linealprints.com/wp-content/uploads/2026/09/9891569002673298313_2048.jpeg,https://linealprints.com/wp-content/uploads/2026/09/4058625933663755462_2048.jpeg,https://linealprints.com/wp-content/uploads/2026/09/14951925933635252503_2048.jpeg,https://linealprints.com/wp-content/uploads/2026/09/4036255358549092278_2048.jpeg,https://linealprints.com/wp-content/uploads/2026/09/13298027214445912588_2048.jpeg,https://linealprints.com/wp-content/uploads/2026/09/7150158966122177210_2048.jpeg,https://linealprints.com/wp-content/uploads/2026/09/5469286734592637525_2048.jpeg,https://linealprints.com/wp-content/uploads/2026/09/14854840261985569041_2048.jpeg,https://linealprints.com/wp-content/uploads/2026/09/960267944521365973_2048.jpeg	in stock	39.00 USD		Lineal Prints		65437066479820696255	yes	new	Home & Garden > Decor > Artwork > Posters, Prints, & Visual Artwork	Home & Garden > Decor > Artwork > Posters, Prints, & Visual Artwork	Black on off-white	16″ x 24″	Museum-grade matte paper, 175 gsm	adult	US::Standard:6.90 USD	0.365 lb	24 in	16 in	0.02 in	Series:Series 01	Lineal Prints
66	65	Meridian — Minimalist Line Art Print - 20″ x 30″, Matte	Meridian at 20 in x 30 in on museum-grade matte paper. Unframed; fits a standard 20 x 30 frame. Meridian — minimalist line art print by Lineal Prints. One black vertical line, one deep-blue half circle. Nothing more was needed. A vertical line divides the sheet; a half circle in deep navy attaches to its right side just below centre. Meridian is the strictest piece in Series 01, a study in how little is needed to make a page feel complete. The blue is a dark ink blue rather than a bright one, so it works with black frames, walnut and grey walls. Hang it tall: a 24×36 inch Meridian in a narrow frame is the series' signature look. Where it lives: dining rooms and long corridors. Pair with a thin black or natural-oak frame and a white mat. Details Paper: museum-grade matte fine-art paper, 175 gsm, slightly textured, glare-free Ink: archival pigment inks rated for decades without fading Sizes: 12×18, 16×24, 20×30 and 24×36 inches — standard frame sizes, no custom framing needed Finish: unframed, shipped flat or in a rigid tube depending on size, with a 1/4 inch white border for easy matting Made: printed to order in the USA, ships tracked in 3–5 business days after production Returns: damaged in transit? Send a photo within 14 days and we reprint it free Part of Series 01 , eight original line compositions designed in-house by Lineal Prints. Each piece is drawn as a single idea: one gesture, one balance point, nothing decorative added.	https://linealprints.com/product/meridian-minimalist-line-art-print/?variant=66	https://linealprints.com/wp-content/uploads/2026/09/2608452597764565465_2048.jpeg	https://linealprints.com/wp-content/uploads/2026/09/14952575423102345744_2048.jpeg,https://linealprints.com/wp-content/uploads/2026/09/13518650509812803658_2048.jpeg,https://linealprints.com/wp-content/uploads/2026/09/17024589104113963140_2048.jpeg,https://linealprints.com/wp-content/uploads/2026/09/5382604398684614397_2048.jpeg,https://linealprints.com/wp-content/uploads/2026/09/4253493320807667181_2048.jpeg,https://linealprints.com/wp-content/uploads/2026/09/17036166399641866650_2048.jpeg,https://linealprints.com/wp-content/uploads/2026/09/4153301134501945310_2048.jpeg,https://linealprints.com/wp-content/uploads/2026/09/12658673580436644073_2048.jpeg,https://linealprints.com/wp-content/uploads/2026/09/17997455965881039309_2048.jpeg,https://linealprints.com/wp-content/uploads/2026/09/15215467164708835989_2048.jpeg	in stock	49.00 USD		Lineal Prints		81841891115447805030	yes	new	Home & Garden > Decor > Artwork > Posters, Prints, & Visual Artwork	Home & Garden > Decor > Artwork > Posters, Prints, & Visual Artwork	Black and navy blue on off-white	20″ x 30″	Museum-grade matte paper, 175 gsm	adult	US::Standard:6.90 USD	0.48 lb	30 in	20 in	0.02 in	Series:Series 01	Lineal Prints
67	65	Meridian — Minimalist Line Art Print - 12″ x 18″, Matte	Meridian at 12 in x 18 in on museum-grade matte paper. Unframed; fits a standard 12 x 18 frame. Meridian — minimalist line art print by Lineal Prints. One black vertical line, one deep-blue half circle. Nothing more was needed. A vertical line divides the sheet; a half circle in deep navy attaches to its right side just below centre. Meridian is the strictest piece in Series 01, a study in how little is needed to make a page feel complete. The blue is a dark ink blue rather than a bright one, so it works with black frames, walnut and grey walls. Hang it tall: a 24×36 inch Meridian in a narrow frame is the series' signature look. Where it lives: dining rooms and long corridors. Pair with a thin black or natural-oak frame and a white mat. Details Paper: museum-grade matte fine-art paper, 175 gsm, slightly textured, glare-free Ink: archival pigment inks rated for decades without fading Sizes: 12×18, 16×24, 20×30 and 24×36 inches — standard frame sizes, no custom framing needed Finish: unframed, shipped flat or in a rigid tube depending on size, with a 1/4 inch white border for easy matting Made: printed to order in the USA, ships tracked in 3–5 business days after production Returns: damaged in transit? Send a photo within 14 days and we reprint it free Part of Series 01 , eight original line compositions designed in-house by Lineal Prints. Each piece is drawn as a single idea: one gesture, one balance point, nothing decorative added.	https://linealprints.com/product/meridian-minimalist-line-art-print/?variant=67	https://linealprints.com/wp-content/uploads/2026/09/5382604398684614397_2048.jpeg	https://linealprints.com/wp-content/uploads/2026/09/2608452597764565465_2048.jpeg,https://linealprints.com/wp-content/uploads/2026/09/14952575423102345744_2048.jpeg,https://linealprints.com/wp-content/uploads/2026/09/13518650509812803658_2048.jpeg,https://linealprints.com/wp-content/uploads/2026/09/17024589104113963140_2048.jpeg,https://linealprints.com/wp-content/uploads/2026/09/4253493320807667181_2048.jpeg,https://linealprints.com/wp-content/uploads/2026/09/17036166399641866650_2048.jpeg,https://linealprints.com/wp-content/uploads/2026/09/4153301134501945310_2048.jpeg,https://linealprints.com/wp-content/uploads/2026/09/12658673580436644073_2048.jpeg,https://linealprints.com/wp-content/uploads/2026/09/17997455965881039309_2048.jpeg,https://linealprints.com/wp-content/uploads/2026/09/15215467164708835989_2048.jpeg	in stock	29.00 USD		Lineal Prints		10190527437435013780	yes	new	Home & Garden > Decor > Artwork > Posters, Prints, & Visual Artwork	Home & Garden > Decor > Artwork > Posters, Prints, & Visual Artwork	Black and navy blue on off-white	12″ x 18″	Museum-grade matte paper, 175 gsm	adult	US::Standard:6.90 USD	0.26 lb	18 in	12 in	0.02 in	Series:Series 01	Lineal Prints
68	65	Meridian — Minimalist Line Art Print - 24″ x 36″, Matte	Meridian at 24 in x 36 in on museum-grade matte paper. Unframed; fits a standard 24 x 36 frame. Meridian — minimalist line art print by Lineal Prints. One black vertical line, one deep-blue half circle. Nothing more was needed. A vertical line divides the sheet; a half circle in deep navy attaches to its right side just below centre. Meridian is the strictest piece in Series 01, a study in how little is needed to make a page feel complete. The blue is a dark ink blue rather than a bright one, so it works with black frames, walnut and grey walls. Hang it tall: a 24×36 inch Meridian in a narrow frame is the series' signature look. Where it lives: dining rooms and long corridors. Pair with a thin black or natural-oak frame and a white mat. Details Paper: museum-grade matte fine-art paper, 175 gsm, slightly textured, glare-free Ink: archival pigment inks rated for decades without fading Sizes: 12×18, 16×24, 20×30 and 24×36 inches — standard frame sizes, no custom framing needed Finish: unframed, shipped flat or in a rigid tube depending on size, with a 1/4 inch white border for easy matting Made: printed to order in the USA, ships tracked in 3–5 business days after production Returns: damaged in transit? Send a photo within 14 days and we reprint it free Part of Series 01 , eight original line compositions designed in-house by Lineal Prints. Each piece is drawn as a single idea: one gesture, one balance point, nothing decorative added.	https://linealprints.com/product/meridian-minimalist-line-art-print/?variant=68	https://linealprints.com/wp-content/uploads/2026/09/12658673580436644073_2048.jpeg	https://linealprints.com/wp-content/uploads/2026/09/2608452597764565465_2048.jpeg,https://linealprints.com/wp-content/uploads/2026/09/14952575423102345744_2048.jpeg,https://linealprints.com/wp-content/uploads/2026/09/13518650509812803658_2048.jpeg,https://linealprints.com/wp-content/uploads/2026/09/17024589104113963140_2048.jpeg,https://linealprints.com/wp-content/uploads/2026/09/5382604398684614397_2048.jpeg,https://linealprints.com/wp-content/uploads/2026/09/4253493320807667181_2048.jpeg,https://linealprints.com/wp-content/uploads/2026/09/17036166399641866650_2048.jpeg,https://linealprints.com/wp-content/uploads/2026/09/4153301134501945310_2048.jpeg,https://linealprints.com/wp-content/uploads/2026/09/17997455965881039309_2048.jpeg,https://linealprints.com/wp-content/uploads/2026/09/15215467164708835989_2048.jpeg	in stock	59.00 USD		Lineal Prints		13381627990805374964	yes	new	Home & Garden > Decor > Artwork > Posters, Prints, & Visual Artwork	Home & Garden > Decor > Artwork > Posters, Prints, & Visual Artwork	Black and navy blue on off-white	24″ x 36″	Museum-grade matte paper, 175 gsm	adult	US::Standard:6.90 USD	0.604 lb	36 in	24 in	0.02 in	Series:Series 01	Lineal Prints
69	65	Meridian — Minimalist Line Art Print - 16″ x 24″, Matte	Meridian at 16 in x 24 in on museum-grade matte paper. Unframed; fits a standard 16 x 24 frame. Meridian — minimalist line art print by Lineal Prints. One black vertical line, one deep-blue half circle. Nothing more was needed. A vertical line divides the sheet; a half circle in deep navy attaches to its right side just below centre. Meridian is the strictest piece in Series 01, a study in how little is needed to make a page feel complete. The blue is a dark ink blue rather than a bright one, so it works with black frames, walnut and grey walls. Hang it tall: a 24×36 inch Meridian in a narrow frame is the series' signature look. Where it lives: dining rooms and long corridors. Pair with a thin black or natural-oak frame and a white mat. Details Paper: museum-grade matte fine-art paper, 175 gsm, slightly textured, glare-free Ink: archival pigment inks rated for decades without fading Sizes: 12×18, 16×24, 20×30 and 24×36 inches — standard frame sizes, no custom framing needed Finish: unframed, shipped flat or in a rigid tube depending on size, with a 1/4 inch white border for easy matting Made: printed to order in the USA, ships tracked in 3–5 business days after production Returns: damaged in transit? Send a photo within 14 days and we reprint it free Part of Series 01 , eight original line compositions designed in-house by Lineal Prints. Each piece is drawn as a single idea: one gesture, one balance point, nothing decorative added.	https://linealprints.com/product/meridian-minimalist-line-art-print/?variant=69	https://linealprints.com/wp-content/uploads/2026/09/3155899921591229778_2048.jpeg	https://linealprints.com/wp-content/uploads/2026/09/2608452597764565465_2048.jpeg,https://linealprints.com/wp-content/uploads/2026/09/14952575423102345744_2048.jpeg,https://linealprints.com/wp-content/uploads/2026/09/13518650509812803658_2048.jpeg,https://linealprints.com/wp-content/uploads/2026/09/17024589104113963140_2048.jpeg,https://linealprints.com/wp-content/uploads/2026/09/5382604398684614397_2048.jpeg,https://linealprints.com/wp-content/uploads/2026/09/4253493320807667181_2048.jpeg,https://linealprints.com/wp-content/uploads/2026/09/17036166399641866650_2048.jpeg,https://linealprints.com/wp-content/uploads/2026/09/4153301134501945310_2048.jpeg,https://linealprints.com/wp-content/uploads/2026/09/12658673580436644073_2048.jpeg,https://linealprints.com/wp-content/uploads/2026/09/17997455965881039309_2048.jpeg	in stock	39.00 USD		Lineal Prints		31758124485303464488	yes	new	Home & Garden > Decor > Artwork > Posters, Prints, & Visual Artwork	Home & Garden > Decor > Artwork > Posters, Prints, & Visual Artwork	Black and navy blue on off-white	16″ x 24″	Museum-grade matte paper, 175 gsm	adult	US::Standard:6.90 USD	0.365 lb	24 in	16 in	0.02 in	Series:Series 01	Lineal Prints
59	58	Orbit — Minimalist Line Art Print - 20″ x 30″, Matte	Orbit at 20 in x 30 in on museum-grade matte paper. Unframed; fits a standard 20 x 30 frame. Orbit — minimalist line art print by Lineal Prints. Five black ellipses in rotation around a single rust-red point. Five thin ellipses rotate around a common centre, marked by one small dot in rust red. The figure recalls an atom, a flower or a planetary diagram depending on who is looking, which is exactly the point: a precise drawing that stays open to interpretation. Orbit is the busiest composition in the series and holds a wall on its own. It reads best at 20×30 inches or larger. Where it lives: home offices, studies and kids' rooms. Pair with a thin black or natural-oak frame and a white mat. Details Paper: museum-grade matte fine-art paper, 175 gsm, slightly textured, glare-free Ink: archival pigment inks rated for decades without fading Sizes: 12×18, 16×24, 20×30 and 24×36 inches — standard frame sizes, no custom framing needed Finish: unframed, shipped flat or in a rigid tube depending on size, with a 1/4 inch white border for easy matting Made: printed to order in the USA, ships tracked in 3–5 business days after production Returns: damaged in transit? Send a photo within 14 days and we reprint it free Part of Series 01 , eight original line compositions designed in-house by Lineal Prints. Each piece is drawn as a single idea: one gesture, one balance point, nothing decorative added.	https://linealprints.com/product/orbit-minimalist-line-art-print/?variant=59	https://linealprints.com/wp-content/uploads/2026/09/8461043017702594065_2048.jpeg	https://linealprints.com/wp-content/uploads/2026/09/1390240050236880879_2048.jpeg,https://linealprints.com/wp-content/uploads/2026/09/18181509160975039752_2048.jpeg,https://linealprints.com/wp-content/uploads/2026/09/7231971065227086026_2048.jpeg,https://linealprints.com/wp-content/uploads/2026/09/14220415392450556017_2048.jpeg,https://linealprints.com/wp-content/uploads/2026/09/12492589825434512564_2048.jpeg,https://linealprints.com/wp-content/uploads/2026/09/18353956722016211831_2048.jpeg,https://linealprints.com/wp-content/uploads/2026/09/13586278098641481488_2048.jpeg,https://linealprints.com/wp-content/uploads/2026/09/3942385743196302496_2048.jpeg,https://linealprints.com/wp-content/uploads/2026/09/12125180767452501638_2048.jpeg,https://linealprints.com/wp-content/uploads/2026/09/5964785737517122040_2048.jpeg	in stock	49.00 USD		Lineal Prints		27727084144715883977	yes	new	Home & Garden > Decor > Artwork > Posters, Prints, & Visual Artwork	Home & Garden > Decor > Artwork > Posters, Prints, & Visual Artwork	Black and rust red on off-white	20″ x 30″	Museum-grade matte paper, 175 gsm	adult	US::Standard:6.90 USD	0.48 lb	30 in	20 in	0.02 in	Series:Series 01	Lineal Prints
60	58	Orbit — Minimalist Line Art Print - 12″ x 18″, Matte	Orbit at 12 in x 18 in on museum-grade matte paper. Unframed; fits a standard 12 x 18 frame. Orbit — minimalist line art print by Lineal Prints. Five black ellipses in rotation around a single rust-red point. Five thin ellipses rotate around a common centre, marked by one small dot in rust red. The figure recalls an atom, a flower or a planetary diagram depending on who is looking, which is exactly the point: a precise drawing that stays open to interpretation. Orbit is the busiest composition in the series and holds a wall on its own. It reads best at 20×30 inches or larger. Where it lives: home offices, studies and kids' rooms. Pair with a thin black or natural-oak frame and a white mat. Details Paper: museum-grade matte fine-art paper, 175 gsm, slightly textured, glare-free Ink: archival pigment inks rated for decades without fading Sizes: 12×18, 16×24, 20×30 and 24×36 inches — standard frame sizes, no custom framing needed Finish: unframed, shipped flat or in a rigid tube depending on size, with a 1/4 inch white border for easy matting Made: printed to order in the USA, ships tracked in 3–5 business days after production Returns: damaged in transit? Send a photo within 14 days and we reprint it free Part of Series 01 , eight original line compositions designed in-house by Lineal Prints. Each piece is drawn as a single idea: one gesture, one balance point, nothing decorative added.	https://linealprints.com/product/orbit-minimalist-line-art-print/?variant=60	https://linealprints.com/wp-content/uploads/2026/09/14220415392450556017_2048.jpeg	https://linealprints.com/wp-content/uploads/2026/09/8461043017702594065_2048.jpeg,https://linealprints.com/wp-content/uploads/2026/09/1390240050236880879_2048.jpeg,https://linealprints.com/wp-content/uploads/2026/09/18181509160975039752_2048.jpeg,https://linealprints.com/wp-content/uploads/2026/09/7231971065227086026_2048.jpeg,https://linealprints.com/wp-content/uploads/2026/09/12492589825434512564_2048.jpeg,https://linealprints.com/wp-content/uploads/2026/09/18353956722016211831_2048.jpeg,https://linealprints.com/wp-content/uploads/2026/09/13586278098641481488_2048.jpeg,https://linealprints.com/wp-content/uploads/2026/09/3942385743196302496_2048.jpeg,https://linealprints.com/wp-content/uploads/2026/09/12125180767452501638_2048.jpeg,https://linealprints.com/wp-content/uploads/2026/09/5964785737517122040_2048.jpeg	in stock	29.00 USD		Lineal Prints		14782620073795596913	yes	new	Home & Garden > Decor > Artwork > Posters, Prints, & Visual Artwork	Home & Garden > Decor > Artwork > Posters, Prints, & Visual Artwork	Black and rust red on off-white	12″ x 18″	Museum-grade matte paper, 175 gsm	adult	US::Standard:6.90 USD	0.26 lb	18 in	12 in	0.02 in	Series:Series 01	Lineal Prints
61	58	Orbit — Minimalist Line Art Print - 24″ x 36″, Matte	Orbit at 24 in x 36 in on museum-grade matte paper. Unframed; fits a standard 24 x 36 frame. Orbit — minimalist line art print by Lineal Prints. Five black ellipses in rotation around a single rust-red point. Five thin ellipses rotate around a common centre, marked by one small dot in rust red. The figure recalls an atom, a flower or a planetary diagram depending on who is looking, which is exactly the point: a precise drawing that stays open to interpretation. Orbit is the busiest composition in the series and holds a wall on its own. It reads best at 20×30 inches or larger. Where it lives: home offices, studies and kids' rooms. Pair with a thin black or natural-oak frame and a white mat. Details Paper: museum-grade matte fine-art paper, 175 gsm, slightly textured, glare-free Ink: archival pigment inks rated for decades without fading Sizes: 12×18, 16×24, 20×30 and 24×36 inches — standard frame sizes, no custom framing needed Finish: unframed, shipped flat or in a rigid tube depending on size, with a 1/4 inch white border for easy matting Made: printed to order in the USA, ships tracked in 3–5 business days after production Returns: damaged in transit? Send a photo within 14 days and we reprint it free Part of Series 01 , eight original line compositions designed in-house by Lineal Prints. Each piece is drawn as a single idea: one gesture, one balance point, nothing decorative added.	https://linealprints.com/product/orbit-minimalist-line-art-print/?variant=61	https://linealprints.com/wp-content/uploads/2026/09/3942385743196302496_2048.jpeg	https://linealprints.com/wp-content/uploads/2026/09/8461043017702594065_2048.jpeg,https://linealprints.com/wp-content/uploads/2026/09/1390240050236880879_2048.jpeg,https://linealprints.com/wp-content/uploads/2026/09/18181509160975039752_2048.jpeg,https://linealprints.com/wp-content/uploads/2026/09/7231971065227086026_2048.jpeg,https://linealprints.com/wp-content/uploads/2026/09/14220415392450556017_2048.jpeg,https://linealprints.com/wp-content/uploads/2026/09/12492589825434512564_2048.jpeg,https://linealprints.com/wp-content/uploads/2026/09/18353956722016211831_2048.jpeg,https://linealprints.com/wp-content/uploads/2026/09/13586278098641481488_2048.jpeg,https://linealprints.com/wp-content/uploads/2026/09/12125180767452501638_2048.jpeg,https://linealprints.com/wp-content/uploads/2026/09/5964785737517122040_2048.jpeg	in stock	59.00 USD		Lineal Prints		18485762736096366917	yes	new	Home & Garden > Decor > Artwork > Posters, Prints, & Visual Artwork	Home & Garden > Decor > Artwork > Posters, Prints, & Visual Artwork	Black and rust red on off-white	24″ x 36″	Museum-grade matte paper, 175 gsm	adult	US::Standard:6.90 USD	0.604 lb	36 in	24 in	0.02 in	Series:Series 01	Lineal Prints
62	58	Orbit — Minimalist Line Art Print - 16″ x 24″, Matte	Orbit at 16 in x 24 in on museum-grade matte paper. Unframed; fits a standard 16 x 24 frame. Orbit — minimalist line art print by Lineal Prints. Five black ellipses in rotation around a single rust-red point. Five thin ellipses rotate around a common centre, marked by one small dot in rust red. The figure recalls an atom, a flower or a planetary diagram depending on who is looking, which is exactly the point: a precise drawing that stays open to interpretation. Orbit is the busiest composition in the series and holds a wall on its own. It reads best at 20×30 inches or larger. Where it lives: home offices, studies and kids' rooms. Pair with a thin black or natural-oak frame and a white mat. Details Paper: museum-grade matte fine-art paper, 175 gsm, slightly textured, glare-free Ink: archival pigment inks rated for decades without fading Sizes: 12×18, 16×24, 20×30 and 24×36 inches — standard frame sizes, no custom framing needed Finish: unframed, shipped flat or in a rigid tube depending on size, with a 1/4 inch white border for easy matting Made: printed to order in the USA, ships tracked in 3–5 business days after production Returns: damaged in transit? Send a photo within 14 days and we reprint it free Part of Series 01 , eight original line compositions designed in-house by Lineal Prints. Each piece is drawn as a single idea: one gesture, one balance point, nothing decorative added.	https://linealprints.com/product/orbit-minimalist-line-art-print/?variant=62	https://linealprints.com/wp-content/uploads/2026/09/11774468621348529373_2048.jpeg	https://linealprints.com/wp-content/uploads/2026/09/8461043017702594065_2048.jpeg,https://linealprints.com/wp-content/uploads/2026/09/1390240050236880879_2048.jpeg,https://linealprints.com/wp-content/uploads/2026/09/18181509160975039752_2048.jpeg,https://linealprints.com/wp-content/uploads/2026/09/7231971065227086026_2048.jpeg,https://linealprints.com/wp-content/uploads/2026/09/14220415392450556017_2048.jpeg,https://linealprints.com/wp-content/uploads/2026/09/12492589825434512564_2048.jpeg,https://linealprints.com/wp-content/uploads/2026/09/18353956722016211831_2048.jpeg,https://linealprints.com/wp-content/uploads/2026/09/13586278098641481488_2048.jpeg,https://linealprints.com/wp-content/uploads/2026/09/3942385743196302496_2048.jpeg,https://linealprints.com/wp-content/uploads/2026/09/12125180767452501638_2048.jpeg	in stock	39.00 USD		Lineal Prints		12087717021835840155	yes	new	Home & Garden > Decor > Artwork > Posters, Prints, & Visual Artwork	Home & Garden > Decor > Artwork > Posters, Prints, & Visual Artwork	Black and rust red on off-white	16″ x 24″	Museum-grade matte paper, 175 gsm	adult	US::Standard:6.90 USD	0.365 lb	24 in	16 in	0.02 in	Series:Series 01	Lineal Prints
49	48	Waves — Minimalist Line Art Print - 20″ x 30″, Matte	Waves at 20 in x 30 in on museum-grade matte paper. Unframed; fits a standard 20 x 30 frame. Waves — minimalist line art print by Lineal Prints. Nine slow black lines breathing across the page. Movement without noise. Nine hand-drawn wave lines run across the upper half of the sheet, each one a slightly different rhythm from the last, so the group appears to move when you walk past it. Waves is the softest composition in Series 01 and pairs naturally with Field for a two-print wall. The lines are fine and even; on matte paper they hold their edge without any of the shine that makes wave prints look like posters. Where it lives: bathrooms, hallways and calm workspaces. Pair with a thin black or natural-oak frame and a white mat. Details Paper: museum-grade matte fine-art paper, 175 gsm, slightly textured, glare-free Ink: archival pigment inks rated for decades without fading Sizes: 12×18, 16×24, 20×30 and 24×36 inches — standard frame sizes, no custom framing needed Finish: unframed, shipped flat or in a rigid tube depending on size, with a 1/4 inch white border for easy matting Made: printed to order in the USA, ships tracked in 3–5 business days after production Returns: damaged in transit? Send a photo within 14 days and we reprint it free Part of Series 01 , eight original line compositions designed in-house by Lineal Prints. Each piece is drawn as a single idea: one gesture, one balance point, nothing decorative added.	https://linealprints.com/product/waves-minimalist-line-art-print/?variant=49	https://linealprints.com/wp-content/uploads/2026/09/18257032444422807144_2048.jpeg	https://linealprints.com/wp-content/uploads/2026/09/4752342540689140621_2048.jpeg,https://linealprints.com/wp-content/uploads/2026/09/7622553864205333038_2048.jpeg,https://linealprints.com/wp-content/uploads/2026/09/11107922469756138730_2048.jpeg,https://linealprints.com/wp-content/uploads/2026/09/15880058362344388612_2048.jpeg,https://linealprints.com/wp-content/uploads/2026/09/10573990397722913914_2048.jpeg,https://linealprints.com/wp-content/uploads/2026/09/842116137333237284_2048.jpeg,https://linealprints.com/wp-content/uploads/2026/09/6370903739139063321_2048.jpeg,https://linealprints.com/wp-content/uploads/2026/09/7547449872378720913_2048.jpeg,https://linealprints.com/wp-content/uploads/2026/09/11420597474876007042_2048.jpeg,https://linealprints.com/wp-content/uploads/2026/09/10736850741781716302_2048.jpeg	in stock	49.00 USD		Lineal Prints		33611968746441024219	yes	new	Home & Garden > Decor > Artwork > Posters, Prints, & Visual Artwork	Home & Garden > Decor > Artwork > Posters, Prints, & Visual Artwork	Black on off-white	20″ x 30″	Museum-grade matte paper, 175 gsm	adult	US::Standard:6.90 USD	0.48 lb	30 in	20 in	0.02 in	Series:Series 01	Lineal Prints
51	48	Waves — Minimalist Line Art Print - 12″ x 18″, Matte	Waves at 12 in x 18 in on museum-grade matte paper. Unframed; fits a standard 12 x 18 frame. Waves — minimalist line art print by Lineal Prints. Nine slow black lines breathing across the page. Movement without noise. Nine hand-drawn wave lines run across the upper half of the sheet, each one a slightly different rhythm from the last, so the group appears to move when you walk past it. Waves is the softest composition in Series 01 and pairs naturally with Field for a two-print wall. The lines are fine and even; on matte paper they hold their edge without any of the shine that makes wave prints look like posters. Where it lives: bathrooms, hallways and calm workspaces. Pair with a thin black or natural-oak frame and a white mat. Details Paper: museum-grade matte fine-art paper, 175 gsm, slightly textured, glare-free Ink: archival pigment inks rated for decades without fading Sizes: 12×18, 16×24, 20×30 and 24×36 inches — standard frame sizes, no custom framing needed Finish: unframed, shipped flat or in a rigid tube depending on size, with a 1/4 inch white border for easy matting Made: printed to order in the USA, ships tracked in 3–5 business days after production Returns: damaged in transit? Send a photo within 14 days and we reprint it free Part of Series 01 , eight original line compositions designed in-house by Lineal Prints. Each piece is drawn as a single idea: one gesture, one balance point, nothing decorative added.	https://linealprints.com/product/waves-minimalist-line-art-print/?variant=51	https://linealprints.com/wp-content/uploads/2026/09/15880058362344388612_2048.jpeg	https://linealprints.com/wp-content/uploads/2026/09/18257032444422807144_2048.jpeg,https://linealprints.com/wp-content/uploads/2026/09/4752342540689140621_2048.jpeg,https://linealprints.com/wp-content/uploads/2026/09/7622553864205333038_2048.jpeg,https://linealprints.com/wp-content/uploads/2026/09/11107922469756138730_2048.jpeg,https://linealprints.com/wp-content/uploads/2026/09/10573990397722913914_2048.jpeg,https://linealprints.com/wp-content/uploads/2026/09/842116137333237284_2048.jpeg,https://linealprints.com/wp-content/uploads/2026/09/6370903739139063321_2048.jpeg,https://linealprints.com/wp-content/uploads/2026/09/7547449872378720913_2048.jpeg,https://linealprints.com/wp-content/uploads/2026/09/11420597474876007042_2048.jpeg,https://linealprints.com/wp-content/uploads/2026/09/10736850741781716302_2048.jpeg	in stock	29.00 USD		Lineal Prints		18777124755044256303	yes	new	Home & Garden > Decor > Artwork > Posters, Prints, & Visual Artwork	Home & Garden > Decor > Artwork > Posters, Prints, & Visual Artwork	Black on off-white	12″ x 18″	Museum-grade matte paper, 175 gsm	adult	US::Standard:6.90 USD	0.26 lb	18 in	12 in	0.02 in	Series:Series 01	Lineal Prints
52	48	Waves — Minimalist Line Art Print - 24″ x 36″, Matte	Waves at 24 in x 36 in on museum-grade matte paper. Unframed; fits a standard 24 x 36 frame. Waves — minimalist line art print by Lineal Prints. Nine slow black lines breathing across the page. Movement without noise. Nine hand-drawn wave lines run across the upper half of the sheet, each one a slightly different rhythm from the last, so the group appears to move when you walk past it. Waves is the softest composition in Series 01 and pairs naturally with Field for a two-print wall. The lines are fine and even; on matte paper they hold their edge without any of the shine that makes wave prints look like posters. Where it lives: bathrooms, hallways and calm workspaces. Pair with a thin black or natural-oak frame and a white mat. Details Paper: museum-grade matte fine-art paper, 175 gsm, slightly textured, glare-free Ink: archival pigment inks rated for decades without fading Sizes: 12×18, 16×24, 20×30 and 24×36 inches — standard frame sizes, no custom framing needed Finish: unframed, shipped flat or in a rigid tube depending on size, with a 1/4 inch white border for easy matting Made: printed to order in the USA, ships tracked in 3–5 business days after production Returns: damaged in transit? Send a photo within 14 days and we reprint it free Part of Series 01 , eight original line compositions designed in-house by Lineal Prints. Each piece is drawn as a single idea: one gesture, one balance point, nothing decorative added.	https://linealprints.com/product/waves-minimalist-line-art-print/?variant=52	https://linealprints.com/wp-content/uploads/2026/09/7547449872378720913_2048.jpeg	https://linealprints.com/wp-content/uploads/2026/09/18257032444422807144_2048.jpeg,https://linealprints.com/wp-content/uploads/2026/09/4752342540689140621_2048.jpeg,https://linealprints.com/wp-content/uploads/2026/09/7622553864205333038_2048.jpeg,https://linealprints.com/wp-content/uploads/2026/09/11107922469756138730_2048.jpeg,https://linealprints.com/wp-content/uploads/2026/09/15880058362344388612_2048.jpeg,https://linealprints.com/wp-content/uploads/2026/09/10573990397722913914_2048.jpeg,https://linealprints.com/wp-content/uploads/2026/09/842116137333237284_2048.jpeg,https://linealprints.com/wp-content/uploads/2026/09/6370903739139063321_2048.jpeg,https://linealprints.com/wp-content/uploads/2026/09/11420597474876007042_2048.jpeg,https://linealprints.com/wp-content/uploads/2026/09/10736850741781716302_2048.jpeg	in stock	59.00 USD		Lineal Prints		19715336673075093768	yes	new	Home & Garden > Decor > Artwork > Posters, Prints, & Visual Artwork	Home & Garden > Decor > Artwork > Posters, Prints, & Visual Artwork	Black on off-white	24″ x 36″	Museum-grade matte paper, 175 gsm	adult	US::Standard:6.90 USD	0.604 lb	36 in	24 in	0.02 in	Series:Series 01	Lineal Prints
53	48	Waves — Minimalist Line Art Print - 16″ x 24″, Matte	Waves at 16 in x 24 in on museum-grade matte paper. Unframed; fits a standard 16 x 24 frame. Waves — minimalist line art print by Lineal Prints. Nine slow black lines breathing across the page. Movement without noise. Nine hand-drawn wave lines run across the upper half of the sheet, each one a slightly different rhythm from the last, so the group appears to move when you walk past it. Waves is the softest composition in Series 01 and pairs naturally with Field for a two-print wall. The lines are fine and even; on matte paper they hold their edge without any of the shine that makes wave prints look like posters. Where it lives: bathrooms, hallways and calm workspaces. Pair with a thin black or natural-oak frame and a white mat. Details Paper: museum-grade matte fine-art paper, 175 gsm, slightly textured, glare-free Ink: archival pigment inks rated for decades without fading Sizes: 12×18, 16×24, 20×30 and 24×36 inches — standard frame sizes, no custom framing needed Finish: unframed, shipped flat or in a rigid tube depending on size, with a 1/4 inch white border for easy matting Made: printed to order in the USA, ships tracked in 3–5 business days after production Returns: damaged in transit? Send a photo within 14 days and we reprint it free Part of Series 01 , eight original line compositions designed in-house by Lineal Prints. Each piece is drawn as a single idea: one gesture, one balance point, nothing decorative added.	https://linealprints.com/product/waves-minimalist-line-art-print/?variant=53	https://linealprints.com/wp-content/uploads/2026/09/12187597105514470638_2048.jpeg	https://linealprints.com/wp-content/uploads/2026/09/18257032444422807144_2048.jpeg,https://linealprints.com/wp-content/uploads/2026/09/4752342540689140621_2048.jpeg,https://linealprints.com/wp-content/uploads/2026/09/7622553864205333038_2048.jpeg,https://linealprints.com/wp-content/uploads/2026/09/11107922469756138730_2048.jpeg,https://linealprints.com/wp-content/uploads/2026/09/15880058362344388612_2048.jpeg,https://linealprints.com/wp-content/uploads/2026/09/10573990397722913914_2048.jpeg,https://linealprints.com/wp-content/uploads/2026/09/842116137333237284_2048.jpeg,https://linealprints.com/wp-content/uploads/2026/09/6370903739139063321_2048.jpeg,https://linealprints.com/wp-content/uploads/2026/09/7547449872378720913_2048.jpeg,https://linealprints.com/wp-content/uploads/2026/09/11420597474876007042_2048.jpeg	in stock	39.00 USD		Lineal Prints		18495220670689342704	yes	new	Home & Garden > Decor > Artwork > Posters, Prints, & Visual Artwork	Home & Garden > Decor > Artwork > Posters, Prints, & Visual Artwork	Black on off-white	16″ x 24″	Museum-grade matte paper, 175 gsm	adult	US::Standard:6.90 USD	0.365 lb	24 in	16 in	0.02 in	Series:Series 01	Lineal Prints
40	38	Horizon — Minimalist Line Art Print - 20″ x 30″, Matte	Horizon at 20 in x 30 in on museum-grade matte paper. Unframed; fits a standard 20 x 30 frame. Horizon — minimalist line art print by Lineal Prints. A low black horizon with a rising half circle. The calmest moment of the day, kept. A single horizontal line sits low on the page, broken twice, and a half circle rises from it. That is the whole drawing: a sunrise reduced to two strokes. Horizon is the most restful piece in the series and the one most often bought in pairs with Meridian. Because the composition sits in the lower third, it looks especially good hung slightly lower than eye level, above a bedside table or a low console. Where it lives: bedrooms and reading corners. Pair with a thin black or natural-oak frame and a white mat. Details Paper: museum-grade matte fine-art paper, 175 gsm, slightly textured, glare-free Ink: archival pigment inks rated for decades without fading Sizes: 12×18, 16×24, 20×30 and 24×36 inches — standard frame sizes, no custom framing needed Finish: unframed, shipped flat or in a rigid tube depending on size, with a 1/4 inch white border for easy matting Made: printed to order in the USA, ships tracked in 3–5 business days after production Returns: damaged in transit? Send a photo within 14 days and we reprint it free Part of Series 01 , eight original line compositions designed in-house by Lineal Prints. Each piece is drawn as a single idea: one gesture, one balance point, nothing decorative added.	https://linealprints.com/product/horizon-minimalist-line-art-print/?variant=40	https://linealprints.com/wp-content/uploads/2026/09/2044735860883034596_2048.jpeg	https://linealprints.com/wp-content/uploads/2026/09/11409029446584450133_2048.jpeg,https://linealprints.com/wp-content/uploads/2026/09/3543896531435025568_2048.jpeg,https://linealprints.com/wp-content/uploads/2026/09/17244022081029597012_2048.jpeg,https://linealprints.com/wp-content/uploads/2026/09/13505344807412228450_2048.jpeg,https://linealprints.com/wp-content/uploads/2026/09/12164318015654330569_2048.jpeg,https://linealprints.com/wp-content/uploads/2026/09/8084360256196247852_2048.jpeg,https://linealprints.com/wp-content/uploads/2026/09/5572838780190556259_2048.jpeg,https://linealprints.com/wp-content/uploads/2026/09/5489743090401687127_2048.jpeg,https://linealprints.com/wp-content/uploads/2026/09/11311027138781337749_2048.jpeg,https://linealprints.com/wp-content/uploads/2026/09/13871304813983288252_2048.jpeg	in stock	49.00 USD		Lineal Prints		13446372893893467756	yes	new	Home & Garden > Decor > Artwork > Posters, Prints, & Visual Artwork	Home & Garden > Decor > Artwork > Posters, Prints, & Visual Artwork	Black on off-white	20″ x 30″	Museum-grade matte paper, 175 gsm	adult	US::Standard:6.90 USD	0.48 lb	30 in	20 in	0.02 in	Series:Series 01	Lineal Prints
41	38	Horizon — Minimalist Line Art Print - 12″ x 18″, Matte	Horizon at 12 in x 18 in on museum-grade matte paper. Unframed; fits a standard 12 x 18 frame. Horizon — minimalist line art print by Lineal Prints. A low black horizon with a rising half circle. The calmest moment of the day, kept. A single horizontal line sits low on the page, broken twice, and a half circle rises from it. That is the whole drawing: a sunrise reduced to two strokes. Horizon is the most restful piece in the series and the one most often bought in pairs with Meridian. Because the composition sits in the lower third, it looks especially good hung slightly lower than eye level, above a bedside table or a low console. Where it lives: bedrooms and reading corners. Pair with a thin black or natural-oak frame and a white mat. Details Paper: museum-grade matte fine-art paper, 175 gsm, slightly textured, glare-free Ink: archival pigment inks rated for decades without fading Sizes: 12×18, 16×24, 20×30 and 24×36 inches — standard frame sizes, no custom framing needed Finish: unframed, shipped flat or in a rigid tube depending on size, with a 1/4 inch white border for easy matting Made: printed to order in the USA, ships tracked in 3–5 business days after production Returns: damaged in transit? Send a photo within 14 days and we reprint it free Part of Series 01 , eight original line compositions designed in-house by Lineal Prints. Each piece is drawn as a single idea: one gesture, one balance point, nothing decorative added.	https://linealprints.com/product/horizon-minimalist-line-art-print/?variant=41	https://linealprints.com/wp-content/uploads/2026/09/13505344807412228450_2048.jpeg	https://linealprints.com/wp-content/uploads/2026/09/2044735860883034596_2048.jpeg,https://linealprints.com/wp-content/uploads/2026/09/11409029446584450133_2048.jpeg,https://linealprints.com/wp-content/uploads/2026/09/3543896531435025568_2048.jpeg,https://linealprints.com/wp-content/uploads/2026/09/17244022081029597012_2048.jpeg,https://linealprints.com/wp-content/uploads/2026/09/12164318015654330569_2048.jpeg,https://linealprints.com/wp-content/uploads/2026/09/8084360256196247852_2048.jpeg,https://linealprints.com/wp-content/uploads/2026/09/5572838780190556259_2048.jpeg,https://linealprints.com/wp-content/uploads/2026/09/5489743090401687127_2048.jpeg,https://linealprints.com/wp-content/uploads/2026/09/11311027138781337749_2048.jpeg,https://linealprints.com/wp-content/uploads/2026/09/13871304813983288252_2048.jpeg	in stock	29.00 USD		Lineal Prints		11268563075235858030	yes	new	Home & Garden > Decor > Artwork > Posters, Prints, & Visual Artwork	Home & Garden > Decor > Artwork > Posters, Prints, & Visual Artwork	Black on off-white	12″ x 18″	Museum-grade matte paper, 175 gsm	adult	US::Standard:6.90 USD	0.26 lb	18 in	12 in	0.02 in	Series:Series 01	Lineal Prints
42	38	Horizon — Minimalist Line Art Print - 24″ x 36″, Matte	Horizon at 24 in x 36 in on museum-grade matte paper. Unframed; fits a standard 24 x 36 frame. Horizon — minimalist line art print by Lineal Prints. A low black horizon with a rising half circle. The calmest moment of the day, kept. A single horizontal line sits low on the page, broken twice, and a half circle rises from it. That is the whole drawing: a sunrise reduced to two strokes. Horizon is the most restful piece in the series and the one most often bought in pairs with Meridian. Because the composition sits in the lower third, it looks especially good hung slightly lower than eye level, above a bedside table or a low console. Where it lives: bedrooms and reading corners. Pair with a thin black or natural-oak frame and a white mat. Details Paper: museum-grade matte fine-art paper, 175 gsm, slightly textured, glare-free Ink: archival pigment inks rated for decades without fading Sizes: 12×18, 16×24, 20×30 and 24×36 inches — standard frame sizes, no custom framing needed Finish: unframed, shipped flat or in a rigid tube depending on size, with a 1/4 inch white border for easy matting Made: printed to order in the USA, ships tracked in 3–5 business days after production Returns: damaged in transit? Send a photo within 14 days and we reprint it free Part of Series 01 , eight original line compositions designed in-house by Lineal Prints. Each piece is drawn as a single idea: one gesture, one balance point, nothing decorative added.	https://linealprints.com/product/horizon-minimalist-line-art-print/?variant=42	https://linealprints.com/wp-content/uploads/2026/09/5489743090401687127_2048.jpeg	https://linealprints.com/wp-content/uploads/2026/09/2044735860883034596_2048.jpeg,https://linealprints.com/wp-content/uploads/2026/09/11409029446584450133_2048.jpeg,https://linealprints.com/wp-content/uploads/2026/09/3543896531435025568_2048.jpeg,https://linealprints.com/wp-content/uploads/2026/09/17244022081029597012_2048.jpeg,https://linealprints.com/wp-content/uploads/2026/09/13505344807412228450_2048.jpeg,https://linealprints.com/wp-content/uploads/2026/09/12164318015654330569_2048.jpeg,https://linealprints.com/wp-content/uploads/2026/09/8084360256196247852_2048.jpeg,https://linealprints.com/wp-content/uploads/2026/09/5572838780190556259_2048.jpeg,https://linealprints.com/wp-content/uploads/2026/09/11311027138781337749_2048.jpeg,https://linealprints.com/wp-content/uploads/2026/09/13871304813983288252_2048.jpeg	in stock	59.00 USD		Lineal Prints		19485638748410643285	yes	new	Home & Garden > Decor > Artwork > Posters, Prints, & Visual Artwork	Home & Garden > Decor > Artwork > Posters, Prints, & Visual Artwork	Black on off-white	24″ x 36″	Museum-grade matte paper, 175 gsm	adult	US::Standard:6.90 USD	0.604 lb	36 in	24 in	0.02 in	Series:Series 01	Lineal Prints
43	38	Horizon — Minimalist Line Art Print - 16″ x 24″, Matte	Horizon at 16 in x 24 in on museum-grade matte paper. Unframed; fits a standard 16 x 24 frame. Horizon — minimalist line art print by Lineal Prints. A low black horizon with a rising half circle. The calmest moment of the day, kept. A single horizontal line sits low on the page, broken twice, and a half circle rises from it. That is the whole drawing: a sunrise reduced to two strokes. Horizon is the most restful piece in the series and the one most often bought in pairs with Meridian. Because the composition sits in the lower third, it looks especially good hung slightly lower than eye level, above a bedside table or a low console. Where it lives: bedrooms and reading corners. Pair with a thin black or natural-oak frame and a white mat. Details Paper: museum-grade matte fine-art paper, 175 gsm, slightly textured, glare-free Ink: archival pigment inks rated for decades without fading Sizes: 12×18, 16×24, 20×30 and 24×36 inches — standard frame sizes, no custom framing needed Finish: unframed, shipped flat or in a rigid tube depending on size, with a 1/4 inch white border for easy matting Made: printed to order in the USA, ships tracked in 3–5 business days after production Returns: damaged in transit? Send a photo within 14 days and we reprint it free Part of Series 01 , eight original line compositions designed in-house by Lineal Prints. Each piece is drawn as a single idea: one gesture, one balance point, nothing decorative added.	https://linealprints.com/product/horizon-minimalist-line-art-print/?variant=43	https://linealprints.com/wp-content/uploads/2026/09/6119596735324243049_2048.jpeg	https://linealprints.com/wp-content/uploads/2026/09/2044735860883034596_2048.jpeg,https://linealprints.com/wp-content/uploads/2026/09/11409029446584450133_2048.jpeg,https://linealprints.com/wp-content/uploads/2026/09/3543896531435025568_2048.jpeg,https://linealprints.com/wp-content/uploads/2026/09/17244022081029597012_2048.jpeg,https://linealprints.com/wp-content/uploads/2026/09/13505344807412228450_2048.jpeg,https://linealprints.com/wp-content/uploads/2026/09/12164318015654330569_2048.jpeg,https://linealprints.com/wp-content/uploads/2026/09/8084360256196247852_2048.jpeg,https://linealprints.com/wp-content/uploads/2026/09/5572838780190556259_2048.jpeg,https://linealprints.com/wp-content/uploads/2026/09/5489743090401687127_2048.jpeg,https://linealprints.com/wp-content/uploads/2026/09/11311027138781337749_2048.jpeg	in stock	39.00 USD		Lineal Prints		21816794674499136246	yes	new	Home & Garden > Decor > Artwork > Posters, Prints, & Visual Artwork	Home & Garden > Decor > Artwork > Posters, Prints, & Visual Artwork	Black on off-white	16″ x 24″	Museum-grade matte paper, 175 gsm	adult	US::Standard:6.90 USD	0.365 lb	24 in	16 in	0.02 in	Series:Series 01	Lineal Prints
29	28	Balance — Minimalist Line Art Print - 20″ x 30″, Matte	Balance at 20 in x 30 in on museum-grade matte paper. Unframed; fits a standard 20 x 30 frame. Balance — minimalist line art print by Lineal Prints. A rust-red circle resting on a long black diagonal. Tension, resolved. One thin black diagonal crosses the page; a single circle in rust red rests on it at the exact point where it would neither roll nor fall. Balance is the only piece in Series 01 with a colour accent, which is why it works as the anchor of a gallery wall or as the one print in a room of neutrals. The red is a muted terracotta, not a bright red, so it sits comfortably with oak, linen, black steel and white walls. Where it lives: living rooms, above a sofa or sideboard. Pair with a thin black or natural-oak frame and a white mat. Details Paper: museum-grade matte fine-art paper, 175 gsm, slightly textured, glare-free Ink: archival pigment inks rated for decades without fading Sizes: 12×18, 16×24, 20×30 and 24×36 inches — standard frame sizes, no custom framing needed Finish: unframed, shipped flat or in a rigid tube depending on size, with a 1/4 inch white border for easy matting Made: printed to order in the USA, ships tracked in 3–5 business days after production Returns: damaged in transit? Send a photo within 14 days and we reprint it free Part of Series 01 , eight original line compositions designed in-house by Lineal Prints. Each piece is drawn as a single idea: one gesture, one balance point, nothing decorative added.	https://linealprints.com/product/balance-minimalist-line-art-print/?variant=29	https://linealprints.com/wp-content/uploads/2026/09/17722892563386468185_2048.jpeg	https://linealprints.com/wp-content/uploads/2026/09/3116021935552582048_2048.jpeg,https://linealprints.com/wp-content/uploads/2026/09/8552530294512322996_2048.jpeg,https://linealprints.com/wp-content/uploads/2026/09/17561376682898082531_2048.jpeg,https://linealprints.com/wp-content/uploads/2026/09/7088984535888705668_2048.jpeg,https://linealprints.com/wp-content/uploads/2026/09/1976875501200678765_2048.jpeg,https://linealprints.com/wp-content/uploads/2026/09/16541087688125245414_2048.jpeg,https://linealprints.com/wp-content/uploads/2026/09/16672751880087410484_2048.jpeg,https://linealprints.com/wp-content/uploads/2026/09/13675096014118282346_2048.jpeg,https://linealprints.com/wp-content/uploads/2026/09/4854496835737252307_2048.jpeg,https://linealprints.com/wp-content/uploads/2026/09/12652405989341900053_2048.jpeg	in stock	49.00 USD		Lineal Prints		23275963474091979850	yes	new	Home & Garden > Decor > Artwork > Posters, Prints, & Visual Artwork	Home & Garden > Decor > Artwork > Posters, Prints, & Visual Artwork	Black and rust red on off-white	20″ x 30″	Museum-grade matte paper, 175 gsm	adult	US::Standard:6.90 USD	0.48 lb	30 in	20 in	0.02 in	Series:Series 01	Lineal Prints
30	28	Balance — Minimalist Line Art Print - 12″ x 18″, Matte	Balance at 12 in x 18 in on museum-grade matte paper. Unframed; fits a standard 12 x 18 frame. Balance — minimalist line art print by Lineal Prints. A rust-red circle resting on a long black diagonal. Tension, resolved. One thin black diagonal crosses the page; a single circle in rust red rests on it at the exact point where it would neither roll nor fall. Balance is the only piece in Series 01 with a colour accent, which is why it works as the anchor of a gallery wall or as the one print in a room of neutrals. The red is a muted terracotta, not a bright red, so it sits comfortably with oak, linen, black steel and white walls. Where it lives: living rooms, above a sofa or sideboard. Pair with a thin black or natural-oak frame and a white mat. Details Paper: museum-grade matte fine-art paper, 175 gsm, slightly textured, glare-free Ink: archival pigment inks rated for decades without fading Sizes: 12×18, 16×24, 20×30 and 24×36 inches — standard frame sizes, no custom framing needed Finish: unframed, shipped flat or in a rigid tube depending on size, with a 1/4 inch white border for easy matting Made: printed to order in the USA, ships tracked in 3–5 business days after production Returns: damaged in transit? Send a photo within 14 days and we reprint it free Part of Series 01 , eight original line compositions designed in-house by Lineal Prints. Each piece is drawn as a single idea: one gesture, one balance point, nothing decorative added.	https://linealprints.com/product/balance-minimalist-line-art-print/?variant=30	https://linealprints.com/wp-content/uploads/2026/09/7088984535888705668_2048.jpeg	https://linealprints.com/wp-content/uploads/2026/09/17722892563386468185_2048.jpeg,https://linealprints.com/wp-content/uploads/2026/09/3116021935552582048_2048.jpeg,https://linealprints.com/wp-content/uploads/2026/09/8552530294512322996_2048.jpeg,https://linealprints.com/wp-content/uploads/2026/09/17561376682898082531_2048.jpeg,https://linealprints.com/wp-content/uploads/2026/09/1976875501200678765_2048.jpeg,https://linealprints.com/wp-content/uploads/2026/09/16541087688125245414_2048.jpeg,https://linealprints.com/wp-content/uploads/2026/09/16672751880087410484_2048.jpeg,https://linealprints.com/wp-content/uploads/2026/09/13675096014118282346_2048.jpeg,https://linealprints.com/wp-content/uploads/2026/09/4854496835737252307_2048.jpeg,https://linealprints.com/wp-content/uploads/2026/09/12652405989341900053_2048.jpeg	in stock	29.00 USD		Lineal Prints		32243905880188786167	yes	new	Home & Garden > Decor > Artwork > Posters, Prints, & Visual Artwork	Home & Garden > Decor > Artwork > Posters, Prints, & Visual Artwork	Black and rust red on off-white	12″ x 18″	Museum-grade matte paper, 175 gsm	adult	US::Standard:6.90 USD	0.26 lb	18 in	12 in	0.02 in	Series:Series 01	Lineal Prints
31	28	Balance — Minimalist Line Art Print - 24″ x 36″, Matte	Balance at 24 in x 36 in on museum-grade matte paper. Unframed; fits a standard 24 x 36 frame. Balance — minimalist line art print by Lineal Prints. A rust-red circle resting on a long black diagonal. Tension, resolved. One thin black diagonal crosses the page; a single circle in rust red rests on it at the exact point where it would neither roll nor fall. Balance is the only piece in Series 01 with a colour accent, which is why it works as the anchor of a gallery wall or as the one print in a room of neutrals. The red is a muted terracotta, not a bright red, so it sits comfortably with oak, linen, black steel and white walls. Where it lives: living rooms, above a sofa or sideboard. Pair with a thin black or natural-oak frame and a white mat. Details Paper: museum-grade matte fine-art paper, 175 gsm, slightly textured, glare-free Ink: archival pigment inks rated for decades without fading Sizes: 12×18, 16×24, 20×30 and 24×36 inches — standard frame sizes, no custom framing needed Finish: unframed, shipped flat or in a rigid tube depending on size, with a 1/4 inch white border for easy matting Made: printed to order in the USA, ships tracked in 3–5 business days after production Returns: damaged in transit? Send a photo within 14 days and we reprint it free Part of Series 01 , eight original line compositions designed in-house by Lineal Prints. Each piece is drawn as a single idea: one gesture, one balance point, nothing decorative added.	https://linealprints.com/product/balance-minimalist-line-art-print/?variant=31	https://linealprints.com/wp-content/uploads/2026/09/13675096014118282346_2048.jpeg	https://linealprints.com/wp-content/uploads/2026/09/17722892563386468185_2048.jpeg,https://linealprints.com/wp-content/uploads/2026/09/3116021935552582048_2048.jpeg,https://linealprints.com/wp-content/uploads/2026/09/8552530294512322996_2048.jpeg,https://linealprints.com/wp-content/uploads/2026/09/17561376682898082531_2048.jpeg,https://linealprints.com/wp-content/uploads/2026/09/7088984535888705668_2048.jpeg,https://linealprints.com/wp-content/uploads/2026/09/1976875501200678765_2048.jpeg,https://linealprints.com/wp-content/uploads/2026/09/16541087688125245414_2048.jpeg,https://linealprints.com/wp-content/uploads/2026/09/16672751880087410484_2048.jpeg,https://linealprints.com/wp-content/uploads/2026/09/4854496835737252307_2048.jpeg,https://linealprints.com/wp-content/uploads/2026/09/12652405989341900053_2048.jpeg	in stock	59.00 USD		Lineal Prints		55823082161844215106	yes	new	Home & Garden > Decor > Artwork > Posters, Prints, & Visual Artwork	Home & Garden > Decor > Artwork > Posters, Prints, & Visual Artwork	Black and rust red on off-white	24″ x 36″	Museum-grade matte paper, 175 gsm	adult	US::Standard:6.90 USD	0.604 lb	36 in	24 in	0.02 in	Series:Series 01	Lineal Prints
32	28	Balance — Minimalist Line Art Print - 16″ x 24″, Matte	Balance at 16 in x 24 in on museum-grade matte paper. Unframed; fits a standard 16 x 24 frame. Balance — minimalist line art print by Lineal Prints. A rust-red circle resting on a long black diagonal. Tension, resolved. One thin black diagonal crosses the page; a single circle in rust red rests on it at the exact point where it would neither roll nor fall. Balance is the only piece in Series 01 with a colour accent, which is why it works as the anchor of a gallery wall or as the one print in a room of neutrals. The red is a muted terracotta, not a bright red, so it sits comfortably with oak, linen, black steel and white walls. Where it lives: living rooms, above a sofa or sideboard. Pair with a thin black or natural-oak frame and a white mat. Details Paper: museum-grade matte fine-art paper, 175 gsm, slightly textured, glare-free Ink: archival pigment inks rated for decades without fading Sizes: 12×18, 16×24, 20×30 and 24×36 inches — standard frame sizes, no custom framing needed Finish: unframed, shipped flat or in a rigid tube depending on size, with a 1/4 inch white border for easy matting Made: printed to order in the USA, ships tracked in 3–5 business days after production Returns: damaged in transit? Send a photo within 14 days and we reprint it free Part of Series 01 , eight original line compositions designed in-house by Lineal Prints. Each piece is drawn as a single idea: one gesture, one balance point, nothing decorative added.	https://linealprints.com/product/balance-minimalist-line-art-print/?variant=32	https://linealprints.com/wp-content/uploads/2026/09/14000453007594185036_2048.jpeg	https://linealprints.com/wp-content/uploads/2026/09/17722892563386468185_2048.jpeg,https://linealprints.com/wp-content/uploads/2026/09/3116021935552582048_2048.jpeg,https://linealprints.com/wp-content/uploads/2026/09/8552530294512322996_2048.jpeg,https://linealprints.com/wp-content/uploads/2026/09/17561376682898082531_2048.jpeg,https://linealprints.com/wp-content/uploads/2026/09/7088984535888705668_2048.jpeg,https://linealprints.com/wp-content/uploads/2026/09/1976875501200678765_2048.jpeg,https://linealprints.com/wp-content/uploads/2026/09/16541087688125245414_2048.jpeg,https://linealprints.com/wp-content/uploads/2026/09/16672751880087410484_2048.jpeg,https://linealprints.com/wp-content/uploads/2026/09/13675096014118282346_2048.jpeg,https://linealprints.com/wp-content/uploads/2026/09/4854496835737252307_2048.jpeg	in stock	39.00 USD		Lineal Prints		88137951941814335343	yes	new	Home & Garden > Decor > Artwork > Posters, Prints, & Visual Artwork	Home & Garden > Decor > Artwork > Posters, Prints, & Visual Artwork	Black and rust red on off-white	16″ x 24″	Museum-grade matte paper, 175 gsm	adult	US::Standard:6.90 USD	0.365 lb	24 in	16 in	0.02 in	Series:Series 01	Lineal Prints
23	22	Arc Study — Minimalist Line Art Print - 20″ x 30″, Matte	Arc Study at 20 in x 30 in on museum-grade matte paper. Unframed; fits a standard 20 x 30 frame. Arc Study — minimalist line art print by Lineal Prints. Seven black arcs radiating from one corner. Motion held still. Seven concentric arcs sweep out from the lower-left corner and stop, each ending a little earlier than the last, so the eye reads a quarter turn of motion that never completes. It is the most architectural piece in the series and the one people hang where a wall needs quiet structure rather than a focal point. The arcs are drawn in a single black line weight on a warm off-white ground. From across a room it reads as a soft fan of shadow; up close the spacing is exact. Where it lives: entryways, stairwells and narrow walls. Pair with a thin black or natural-oak frame and a white mat. Details Paper: museum-grade matte fine-art paper, 175 gsm, slightly textured, glare-free Ink: archival pigment inks rated for decades without fading Sizes: 12×18, 16×24, 20×30 and 24×36 inches — standard frame sizes, no custom framing needed Finish: unframed, shipped flat or in a rigid tube depending on size, with a 1/4 inch white border for easy matting Made: printed to order in the USA, ships tracked in 3–5 business days after production Returns: damaged in transit? Send a photo within 14 days and we reprint it free Part of Series 01 , eight original line compositions designed in-house by Lineal Prints. Each piece is drawn as a single idea: one gesture, one balance point, nothing decorative added.	https://linealprints.com/product/arc-study-minimalist-line-art-print/?variant=23	https://linealprints.com/wp-content/uploads/2026/09/4263326830528038210_2048.jpeg	https://linealprints.com/wp-content/uploads/2026/09/9960138806975082786_2048.jpeg,https://linealprints.com/wp-content/uploads/2026/09/7210884966392156102_2048.jpeg,https://linealprints.com/wp-content/uploads/2026/09/2474278087253519258_2048.jpeg,https://linealprints.com/wp-content/uploads/2026/09/18144026788687538519_2048.jpeg,https://linealprints.com/wp-content/uploads/2026/09/486015395904042960_2048.jpeg,https://linealprints.com/wp-content/uploads/2026/09/9854997691025639032_2048.jpeg,https://linealprints.com/wp-content/uploads/2026/09/12969934928827117161_2048.jpeg,https://linealprints.com/wp-content/uploads/2026/09/13347799284367644600_2048.jpeg,https://linealprints.com/wp-content/uploads/2026/09/3964159739281938962_2048.jpeg,https://linealprints.com/wp-content/uploads/2026/09/10416486633618593591_2048.jpeg	in stock	49.00 USD		Lineal Prints		99438549788613789809	yes	new	Home & Garden > Decor > Artwork > Posters, Prints, & Visual Artwork	Home & Garden > Decor > Artwork > Posters, Prints, & Visual Artwork	Black on off-white	20″ x 30″	Museum-grade matte paper, 175 gsm	adult	US::Standard:6.90 USD	0.48 lb	30 in	20 in	0.02 in	Series:Series 01	Lineal Prints
24	22	Arc Study — Minimalist Line Art Print - 12″ x 18″, Matte	Arc Study at 12 in x 18 in on museum-grade matte paper. Unframed; fits a standard 12 x 18 frame. Arc Study — minimalist line art print by Lineal Prints. Seven black arcs radiating from one corner. Motion held still. Seven concentric arcs sweep out from the lower-left corner and stop, each ending a little earlier than the last, so the eye reads a quarter turn of motion that never completes. It is the most architectural piece in the series and the one people hang where a wall needs quiet structure rather than a focal point. The arcs are drawn in a single black line weight on a warm off-white ground. From across a room it reads as a soft fan of shadow; up close the spacing is exact. Where it lives: entryways, stairwells and narrow walls. Pair with a thin black or natural-oak frame and a white mat. Details Paper: museum-grade matte fine-art paper, 175 gsm, slightly textured, glare-free Ink: archival pigment inks rated for decades without fading Sizes: 12×18, 16×24, 20×30 and 24×36 inches — standard frame sizes, no custom framing needed Finish: unframed, shipped flat or in a rigid tube depending on size, with a 1/4 inch white border for easy matting Made: printed to order in the USA, ships tracked in 3–5 business days after production Returns: damaged in transit? Send a photo within 14 days and we reprint it free Part of Series 01 , eight original line compositions designed in-house by Lineal Prints. Each piece is drawn as a single idea: one gesture, one balance point, nothing decorative added.	https://linealprints.com/product/arc-study-minimalist-line-art-print/?variant=24	https://linealprints.com/wp-content/uploads/2026/09/18144026788687538519_2048.jpeg	https://linealprints.com/wp-content/uploads/2026/09/4263326830528038210_2048.jpeg,https://linealprints.com/wp-content/uploads/2026/09/9960138806975082786_2048.jpeg,https://linealprints.com/wp-content/uploads/2026/09/7210884966392156102_2048.jpeg,https://linealprints.com/wp-content/uploads/2026/09/2474278087253519258_2048.jpeg,https://linealprints.com/wp-content/uploads/2026/09/486015395904042960_2048.jpeg,https://linealprints.com/wp-content/uploads/2026/09/9854997691025639032_2048.jpeg,https://linealprints.com/wp-content/uploads/2026/09/12969934928827117161_2048.jpeg,https://linealprints.com/wp-content/uploads/2026/09/13347799284367644600_2048.jpeg,https://linealprints.com/wp-content/uploads/2026/09/3964159739281938962_2048.jpeg,https://linealprints.com/wp-content/uploads/2026/09/10416486633618593591_2048.jpeg	in stock	29.00 USD		Lineal Prints		31195494416322778433	yes	new	Home & Garden > Decor > Artwork > Posters, Prints, & Visual Artwork	Home & Garden > Decor > Artwork > Posters, Prints, & Visual Artwork	Black on off-white	12″ x 18″	Museum-grade matte paper, 175 gsm	adult	US::Standard:6.90 USD	0.26 lb	18 in	12 in	0.02 in	Series:Series 01	Lineal Prints
25	22	Arc Study — Minimalist Line Art Print - 24″ x 36″, Matte	Arc Study at 24 in x 36 in on museum-grade matte paper. Unframed; fits a standard 24 x 36 frame. Arc Study — minimalist line art print by Lineal Prints. Seven black arcs radiating from one corner. Motion held still. Seven concentric arcs sweep out from the lower-left corner and stop, each ending a little earlier than the last, so the eye reads a quarter turn of motion that never completes. It is the most architectural piece in the series and the one people hang where a wall needs quiet structure rather than a focal point. The arcs are drawn in a single black line weight on a warm off-white ground. From across a room it reads as a soft fan of shadow; up close the spacing is exact. Where it lives: entryways, stairwells and narrow walls. Pair with a thin black or natural-oak frame and a white mat. Details Paper: museum-grade matte fine-art paper, 175 gsm, slightly textured, glare-free Ink: archival pigment inks rated for decades without fading Sizes: 12×18, 16×24, 20×30 and 24×36 inches — standard frame sizes, no custom framing needed Finish: unframed, shipped flat or in a rigid tube depending on size, with a 1/4 inch white border for easy matting Made: printed to order in the USA, ships tracked in 3–5 business days after production Returns: damaged in transit? Send a photo within 14 days and we reprint it free Part of Series 01 , eight original line compositions designed in-house by Lineal Prints. Each piece is drawn as a single idea: one gesture, one balance point, nothing decorative added.	https://linealprints.com/product/arc-study-minimalist-line-art-print/?variant=25	https://linealprints.com/wp-content/uploads/2026/09/13347799284367644600_2048.jpeg	https://linealprints.com/wp-content/uploads/2026/09/4263326830528038210_2048.jpeg,https://linealprints.com/wp-content/uploads/2026/09/9960138806975082786_2048.jpeg,https://linealprints.com/wp-content/uploads/2026/09/7210884966392156102_2048.jpeg,https://linealprints.com/wp-content/uploads/2026/09/2474278087253519258_2048.jpeg,https://linealprints.com/wp-content/uploads/2026/09/18144026788687538519_2048.jpeg,https://linealprints.com/wp-content/uploads/2026/09/486015395904042960_2048.jpeg,https://linealprints.com/wp-content/uploads/2026/09/9854997691025639032_2048.jpeg,https://linealprints.com/wp-content/uploads/2026/09/12969934928827117161_2048.jpeg,https://linealprints.com/wp-content/uploads/2026/09/3964159739281938962_2048.jpeg,https://linealprints.com/wp-content/uploads/2026/09/10416486633618593591_2048.jpeg	in stock	59.00 USD		Lineal Prints		27342782643975715377	yes	new	Home & Garden > Decor > Artwork > Posters, Prints, & Visual Artwork	Home & Garden > Decor > Artwork > Posters, Prints, & Visual Artwork	Black on off-white	24″ x 36″	Museum-grade matte paper, 175 gsm	adult	US::Standard:6.90 USD	0.604 lb	36 in	24 in	0.02 in	Series:Series 01	Lineal Prints
26	22	Arc Study — Minimalist Line Art Print - 16″ x 24″, Matte	Arc Study at 16 in x 24 in on museum-grade matte paper. Unframed; fits a standard 16 x 24 frame. Arc Study — minimalist line art print by Lineal Prints. Seven black arcs radiating from one corner. Motion held still. Seven concentric arcs sweep out from the lower-left corner and stop, each ending a little earlier than the last, so the eye reads a quarter turn of motion that never completes. It is the most architectural piece in the series and the one people hang where a wall needs quiet structure rather than a focal point. The arcs are drawn in a single black line weight on a warm off-white ground. From across a room it reads as a soft fan of shadow; up close the spacing is exact. Where it lives: entryways, stairwells and narrow walls. Pair with a thin black or natural-oak frame and a white mat. Details Paper: museum-grade matte fine-art paper, 175 gsm, slightly textured, glare-free Ink: archival pigment inks rated for decades without fading Sizes: 12×18, 16×24, 20×30 and 24×36 inches — standard frame sizes, no custom framing needed Finish: unframed, shipped flat or in a rigid tube depending on size, with a 1/4 inch white border for easy matting Made: printed to order in the USA, ships tracked in 3–5 business days after production Returns: damaged in transit? Send a photo within 14 days and we reprint it free Part of Series 01 , eight original line compositions designed in-house by Lineal Prints. Each piece is drawn as a single idea: one gesture, one balance point, nothing decorative added.	https://linealprints.com/product/arc-study-minimalist-line-art-print/?variant=26	https://linealprints.com/wp-content/uploads/2026/09/18374782252878377959_2048.jpeg	https://linealprints.com/wp-content/uploads/2026/09/4263326830528038210_2048.jpeg,https://linealprints.com/wp-content/uploads/2026/09/9960138806975082786_2048.jpeg,https://linealprints.com/wp-content/uploads/2026/09/7210884966392156102_2048.jpeg,https://linealprints.com/wp-content/uploads/2026/09/2474278087253519258_2048.jpeg,https://linealprints.com/wp-content/uploads/2026/09/18144026788687538519_2048.jpeg,https://linealprints.com/wp-content/uploads/2026/09/486015395904042960_2048.jpeg,https://linealprints.com/wp-content/uploads/2026/09/9854997691025639032_2048.jpeg,https://linealprints.com/wp-content/uploads/2026/09/12969934928827117161_2048.jpeg,https://linealprints.com/wp-content/uploads/2026/09/13347799284367644600_2048.jpeg,https://linealprints.com/wp-content/uploads/2026/09/3964159739281938962_2048.jpeg	in stock	39.00 USD		Lineal Prints		29535085962982417092	yes	new	Home & Garden > Decor > Artwork > Posters, Prints, & Visual Artwork	Home & Garden > Decor > Artwork > Posters, Prints, & Visual Artwork	Black on off-white	16″ x 24″	Museum-grade matte paper, 175 gsm	adult	US::Standard:6.90 USD	0.365 lb	24 in	16 in	0.02 in	Series:Series 01	Lineal Prints
